review_id,order_id,review_score,review_comment_title,review_comment_message,review_creation_date,review_answer_timestamp
7bc2406110b926393aa56f80a40eba40,73fc7af87114b39712e6da79b0a377eb,4,,,2018-01-18 00:00:00.0000000,2018-01-18 21:46:59.0000000
80e641a11e56f04c1ad469d5645fdfde,a548910a1c6147796b98fdf73dbeba33,5,,,2018-03-10 00:00:00.0000000,2018-03-11 03:05:13.0000000
228ce5500dc1d8e020d8d1322874b6f0,f9e4b658b201a9f2ecdecbb34bed034b,5,,,2018-02-17 00:00:00.0000000,2018-02-18 14:36:24.0000000
e64fb393e7b32834bb789ff8bb30750e,658677c97b385a9be170737859d3511b,5,,Recebi bem antes do prazo estipulado.,2017-04-21 00:00:00.0000000,2017-04-21 22:02:06.0000000
f7c4243c7fe1938f181bec41a392bdeb,8e6bfb81e283fa7e4f11123a3fb894f1,5,,Parabéns lojas lannister adorei comprar pela Internet seguro e prático Parabéns a todos feliz Páscoa,2018-03-01 00:00:00.0000000,2018-03-02 10:26:53.0000000
15197aa66ff4d0650b5434f1b46cda19,b18dcdf73be66366873cd26c5724d1dc,1,,,2018-04-13 00:00:00.0000000,2018-04-16 00:39:37.0000000
07f9bee5d1b850860defd761afa7ff16,e48aa0d2dcec3a2e87348811bcfdf22b,5,,,2017-07-16 00:00:00.0000000,2017-07-18 19:30:34.0000000
7c6400515c67679fbee952a7525281ef,c31a859e34e3adac22f376954e19b39d,5,,,2018-08-14 00:00:00.0000000,2018-08-14 21:36:06.0000000
a3f6f7f6f433de0aefbb97da197c554c,9c214ac970e84273583ab523dfafd09b,5,,,2017-05-17 00:00:00.0000000,2017-05-18 12:05:37.0000000
8670d52e15e00043ae7de4c01cc2fe06,b9bf720beb4ab3728760088589c62129,4,recomendo,aparelho eficiente. no site a marca do aparelho esta impresso como 3desinfector e ao chegar esta com outro nome...atualizar com a marca correta uma vez que é o mesmo aparelho,2018-05-22 00:00:00.0000000,2018-05-23 16:45:47.0000000
c9cfd2d5ab5911836ababae136c3a10c,cdf9aa68e72324eeb25c7de974696ee2,5,,,2017-12-23 00:00:00.0000000,2017-12-26 14:36:03.0000000
96052551d87e5f62e6c9f6974ec392e9,3d374c9e46530bb5ed4a7648915306a6,5,,,2017-12-19 00:00:00.0000000,2017-12-20 10:25:22.0000000
4b49719c8a200003f700d3d986ea1a19,9d6f15f95d01e79bd1349cc208361f09,4,,Mas um pouco ,travando...pelo valor ta Boa.
,2018-02-16 00:00:00.0000000,2018-02-20 10:52:22.0000000
23f75a37effc35d9a915b4e1ad483793,2eaf8e099d871cd5c22b83b5ea8f6e0e,4,,,2018-03-28 00:00:00.0000000,2018-03-30 15:10:55.0000000
9a0abbb668bafb95a6d2b05db43284c4,d7bd0e4afdf94846eb73642b4e3e75c3,3,,,2017-04-30 00:00:00.0000000,2017-05-03 00:02:22.0000000
3948b09f7c818e2d86c9a546758b2335,e51478e7e277a83743b6f9991dbfa3fb,5,Super recomendo,Vendedor confiável, produto ok e entrega antes do prazo.,2018-05-23 00:00:00.0000000,2018-05-24 03:00:01.0000000
9314d6f9799f5bfba510cc7bcd468c01,0dacf04c5ad59fd5a0cc1faa07c34e39,2,,GOSTARIA DE SABER O QUE HOUVE, SEMPRE RECEBI E ESSA COMPRA AGORA ME DECPCIONOU,2018-01-18 00:00:00.0000000,2018-01-20 21:25:45.0000000
8e15a274d95600fa14f8be64e37a0e67,ff1581e08b3011021e7c7de592ddc81e,5,,,2018-03-24 00:00:00.0000000,2018-03-26 15:58:32.0000000
fdbdb2629a7cde0f66657acc92084e7f,70a752414a13d09cc1f2b437b914b28e,3,,,2017-09-29 00:00:00.0000000,2017-10-02 01:12:49.0000000
373cbeecea8286a2b66c97b1b157ec46,583174fbe37d3d5f0d6661be3aad1786,1,Não chegou meu produto ,Péssimo,2018-08-15 00:00:00.0000000,2018-08-15 04:10:37.0000000
a2ff510ca4e059c3fefc7a7866571f6f,a9953b2f0b1665ac7586cc5a6ac8f58c,4,,,2017-10-06 00:00:00.0000000,2017-10-08 22:36:05.0000000
80c70bc263881ba6525f6cee1d94ac87,ae168dfba236919411fe08f336fefa44,5,,,2018-03-17 00:00:00.0000000,2018-04-04 19:41:11.0000000
d21bbc789670eab777d27372ab9094cc,4fc44d78867142c627497b60a7e0228a,5,Ótimo,Loja nota 10,2018-07-10 00:00:00.0000000,2018-07-11 14:10:25.0000000
7bcb3c758c67f23638262c731493e848,7c9956750739a47dba7a6928ba2f0245,5,,,2017-09-09 00:00:00.0000000,2017-10-17 02:25:47.0000000
0e0190b9db53b689b285d3f3916f8441,79832b7cb59ac6f887088ffd686e1d5e,5,,obrigado pela atençao amim dispensada,2017-12-01 00:00:00.0000000,2017-12-09 22:58:58.0000000
66e4430c5bc6b7e3773886bf1c14d912,84cec4f65c7a4f2f54c294a30224a594,5,,,2017-06-23 00:00:00.0000000,2017-06-27 00:52:02.0000000
bf566b3910c328733baf7fca7d2be041,a59a15e4b6085c752d338431dc68d464,4,,,2017-11-01 00:00:00.0000000,2017-11-01 20:25:30.0000000
fe3db7c069d694bab50cc43463f91608,2ca73e2ff9e3a186ad1e1ffb9b1d9c10,5,,A compra foi realizada facilmente.
A entrega foi efetuada muito antes do prazo dado.
O produto já começou a ser usado e até o presente,
sem problemas.,2018-03-23 00:00:00.0000000,2018-04-01 00:27:51.0000000
e07eee7ad7666276bd8b27fbd83fd1ff,68b3cbc68e4cd1fe19bec35f1d3bb7ee,5,,relógio muito bonito e barato.,2018-03-29 00:00:00.0000000,2018-04-02 14:19:31.0000000
2c5e27fc178bde7ac173c9c62c31b070,0ce9a24111d850192a933fcaab6fbad3,1,,Não gostei ! Comprei gato por lebre,2017-12-13 00:00:00.0000000,2017-12-16 07:14:07.0000000
540e7bbb2d06cfb7f85f3a88ba7ac97f,cf73e2cb1f4a9480ed70c154da3d954a,5,,,2018-01-18 00:00:00.0000000,2018-01-18 19:12:30.0000000
6a18a4001ae7fd911b3b9fb13686d105,8ba3f3a9292fbc22a8b7dff752bbcd37,5,,,2017-07-19 00:00:00.0000000,2017-07-20 10:38:48.0000000
58044bca115705a48fe0e00a21390c54,68e55ca79d04a79f20d4bfc0146f4b66,1,,Sempre compro pela Internet e a entrega ocorre antes do prazo combinado, que acredito ser o prazo máximo. No stark o prazo máximo já se esgotou e ainda não recebi o produto.,2018-04-08 00:00:00.0000000,2018-04-09 12:22:39.0000000
19a52a2297e5289ab4187d238d335982,677c865b89aa97e7dbeb4bfbb50bbcfd,5,,,2018-08-25 00:00:00.0000000,2018-08-26 22:02:59.0000000
c92cdd7dd544a01aa35137f901669cdf,37e7875cdce5a9e5b3a692971f370151,4,Muito bom.,Recebi exatamente o que esperava. As demais encomendas de outros vendedores atrasaram, mas esta chegou no prazo.,2018-06-07 00:00:00.0000000,2018-06-09 18:44:02.0000000
c0f4c8301f8c29d6f53d239e194bb4c2,04db86e3493b3724ac4bd3c9a397e23c,5,,,2017-09-12 00:00:00.0000000,2017-09-13 14:33:49.0000000
08c9d79ec0eba1d252e3f52f14b8e6a9,e029f708df3cc108b3264558771605c6,5,Bom,Recomendo ,,2018-06-13 00:00:00.0000000,2018-06-13 22:54:44.0000000
2170c9452c2216457b36003fe2969fbb,af32671d0b8ce510a94d9111d97371d3,5,,muito boa ,2018-03-22 00:00:00.0000000,2018-03-30 23:37:25.0000000
b193ff3c9f32a01f3a0d9ae26b94d244,e2e6ee1ed2d7f2f36b05d234983bd7a0,5,Maravilhoso!,Tô completamente apaixonada, loja super responsável e confiável!,2018-08-10 00:00:00.0000000,2018-08-11 00:22:13.0000000
9fd59cd04b42f600df9f25e54082a8d1,3c314f50bc654f3c4e317b055681dff9,1,,Nada de chegar o meu pedido.,2017-04-21 00:00:00.0000000,2017-04-23 05:37:03.0000000
ab3056e4fb5a36df4b58c1746e4a6b8f,aad1dcbe4c9fe2e3486e5e04c6649097,2,,,2018-05-13 00:00:00.0000000,2018-05-14 16:29:15.0000000
eb26c2bfb5030f57dcef30d3f111eb1e,88096595631e8d26b658306256e3ce34,1,,,2018-02-08 00:00:00.0000000,2018-02-10 04:28:43.0000000
caf7d6d68090fedf0f47b27aff4b4eaf,c186ebe3937470a2f562a2dc0bc74dd7,5,,,2017-12-05 00:00:00.0000000,2017-12-07 23:34:56.0000000
86c5cfa7fcbde303f704b60a78ced7d6,a6456e781cb962cc3f412b04de4fed7b,5,Entrega perfeita,Muito bom. muito cheiroso.,2018-06-13 00:00:00.0000000,2018-06-14 17:29:03.0000000
6f3eb43ec2f5092cf04c8d705864a8ac,f3a9c397a2fa5a2366b4b96bc15737f6,5,,,2018-03-11 00:00:00.0000000,2018-03-14 00:38:50.0000000
3dc0777d97733a1d066f5b781e91577f,44a9994228432b835c3a4e720b6a41ab,4,,,2018-03-29 00:00:00.0000000,2018-03-31 00:13:07.0000000
e363a3c172db72d6a8b82d0726cd2ddb,1a36784e5c696071dad8a242f26b230f,5,,,2018-01-25 00:00:00.0000000,2018-02-18 23:03:20.0000000
890ec1767be8eb104877db6d68eaade5,b3271f5ebce80cbecb67c5b88487a44a,5,,otimo vendedor chegou ate antes do prazo , adorei o produto,2017-05-13 00:00:00.0000000,2017-05-14 02:57:19.0000000
23f570a1b0db9566bee04521a0410c54,82c5edeff15e09a0460d292874766132,5,,,2017-09-22 00:00:00.0000000,2017-09-23 13:57:39.0000000
7d9ac3e98adc0c8ad579e6a2257d79f9,dfa48852c93427261c98fb2e01f33bea,5,,Processo de compra tranquilo e eficiente.,2018-04-24 00:00:00.0000000,2018-04-25 16:01:03.0000000
c41bd21983e298a240410ebb391bf075,9562b424b05978a493db2a5122ecab1f,5,,Tomara q dure pois é de pelinho.,2017-05-19 00:00:00.0000000,2017-05-21 03:04:35.0000000
e233e51d11511bf30e568c76360ace52,548df2c6e5f089574614894bca78acf5,1,,recebi somente 1 controle Midea Split ESTILO.
Faltou Controle Remoto para Ar Condicionado Consul,2018-01-28 00:00:00.0000000,2018-02-04 11:06:15.0000000
1a74d76543e1b419b48daebee364c281,14861b02076ed7da9471988265a0104b,5,,,2018-07-14 00:00:00.0000000,2018-07-16 20:09:42.0000000
1edd1a85161468a77e5fcb165be9b294,d8e17cc85323061493b16b68a130bcff,5,Ótimo,,2018-06-02 00:00:00.0000000,2018-06-02 23:15:37.0000000
94c4db81ff5c234f53b54a15a8a41583,3fb155b4897652f5cdf1b5efff32a465,5,,,2017-12-15 00:00:00.0000000,2017-12-17 14:43:35.0000000
3d94fd645cdaacc8c9f0dc0a2a1f5166,4d483bf690ca21bdc005df9b623673c7,5,,boa,2017-03-21 00:00:00.0000000,2017-03-22 00:58:49.0000000
cb6fe4f91f83d9222b7c8e14959055e1,84226f5c73669d7711ca44aa9cac602a,3,,,2018-05-10 00:00:00.0000000,2018-05-13 22:51:53.0000000
45a523faa4defdf60118a90301b8a23e,26c4ac9998f72d4fcdca3c6e27089f1b,3,,,2017-10-27 00:00:00.0000000,2017-10-27 16:12:52.0000000
6eab2c9b7ea4975a0b0357a4c464b356,55101b36a58251926b6cbfdb540c0461,4,,,2018-05-31 00:00:00.0000000,2018-06-04 23:44:16.0000000
500c05500aa275953129f49799ee5c73,8a9424899aac432d80d8e580932b5ee9,5,MT lindo,MT lindo,2018-07-25 00:00:00.0000000,2018-07-25 21:37:22.0000000
399133d47ddc5f40df57c1ceba4e4540,603d76b730c972775ccf2a910bf23490,5,,,2018-04-03 00:00:00.0000000,2018-04-03 23:39:36.0000000
6a0969d0769d2f3ff6438809a1cc455e,32638fbca8d1a197e649fd5138e12049,5,,Ocorreu tudo como contratado sendo a entrega realizada antes do prazo 
 Estou satisfeita
,2017-06-02 00:00:00.0000000,2017-06-03 13:12:07.0000000
8a64945e89526e68bc16383391590232,71960e6af960919256a958a3633e1040,5,,Amei achei lindo ,muito delicado adorei,2018-04-18 00:00:00.0000000,2018-04-18 22:30:45.0000000
ca7402594d96f3231ee1bbae27da1e29,36782087b0d4f8cd6daa340872006259,5,,,2018-02-20 00:00:00.0000000,2018-02-21 01:40:57.0000000
c0dbf9a325d2a2fece43873be47191e1,b324f4270850cbba23533b9a9d3434a9,4,,Ótima loja para parceria: rápidíssima, produtos bem embalados e de qualidade! Só o custo do frete que foi meio azedo.,2018-04-04 00:00:00.0000000,2018-04-06 15:43:39.0000000
9924ac6169f2edc95ca3394e529f9580,a3ba7fa5266d62188949da3d6ccc3884,5,,,2018-02-27 00:00:00.0000000,2018-03-02 08:33:35.0000000
e12a8d938f3092e010627d001f91d137,b3dca2e199b13ddabab4ed77d79ee9f6,5,,,2018-06-03 00:00:00.0000000,2018-06-06 12:41:24.0000000
109b5ce2dd11bb8460eff3b86da6fefc,25362fbf6aac4b01a28dee1e076acc26,5,Ótimo Produto! ,Recomendo o vendedor... ,2018-08-17 00:00:00.0000000,2018-08-17 21:47:08.0000000
6d06808638ec0701bccd70bc8d462c28,97d2f8fe76f2f253b8291e17b5383884,1,,O produto não chegou no prazo estipulado e causou transtorno, pq programei a viagem de férias do meu filho, baseado no prazo. Moro na Bahia e ele em Cuiabá sozinho. Agora, a casa está vazia. ,2016-12-09 00:00:00.0000000,2016-12-19 14:10:43.0000000
750d4311e8ddb6cba549ee86f06f0cca,4b32a4cdfc1b80066a8ee3a4b7a2094f,5,,Produto entregue como solicitado, e com muita brevidade. Parabéns!
,2017-08-09 00:00:00.0000000,2017-08-09 12:03:45.0000000
951a3591f5bcc0b0c558461c9bf49d8e,801524a8fbd37484e8d8c23448f113b5,3,,,2018-07-14 00:00:00.0000000,2018-07-14 21:04:31.0000000
77ed4f94b3638d1f0b0a2dd781c11a8c,5f8772295e1adb4e4832c988d6b631b6,5,,,2018-04-10 00:00:00.0000000,2018-04-12 10:28:20.0000000
2a3eba09af2fbcd3a20580e62e7b7465,366df9c0b0d5d46f8afc476dc4ca7671,4,,,2018-01-31 00:00:00.0000000,2018-02-01 02:09:13.0000000
8b230a1373c6dc4bd867099fda1d7039,071251fe3b3493294536f03737a8a679,3,,Eu comprei duas unidades e só recebi uma e agora o que faço?,2017-11-09 00:00:00.0000000,2017-11-10 10:38:37.0000000
4a1c0e7a111f33f2be53506db4887b1a,0feb8ce954124d3e3d8338c573a9c523,5,,,2018-08-28 00:00:00.0000000,2018-08-29 02:00:24.0000000
cb2fc3e5711b5ae85e0491ee18af63ed,34e6d418f368f8079ae152bc178bc66a,3,,Produto bom, porém o que veio para mim não condiz com a foto do anúncio.,2018-01-31 00:00:00.0000000,2018-01-31 23:29:21.0000000
60c714ed14cef913944a3147094a4742,9ac05114800f02bfaa783bd76842dbe2,1,,Produto muito inferior, mal acabado.,2018-07-03 00:00:00.0000000,2018-07-05 19:03:52.0000000
b42460e68676135205af8b8c13baf6ae,5b2e79428198e5ce482f9ec1bd1014c3,5,,,2017-07-29 00:00:00.0000000,2017-08-01 18:43:09.0000000
505587fad6e7130f579fe9f02017ede4,64ff87188034c4f3dcd52e63db7d045f,4,,,2018-06-14 00:00:00.0000000,2018-06-18 22:53:04.0000000
c45811d9f90e22a81155b3a1e4a5c2e8,491f193fc52075598871cfe6f19976d4,5,RECOMENDO SEMPRE!!,O kit mochila patrulha canina é lindo!! Meu netinho vai amar!! Obrigada!!,2018-06-19 00:00:00.0000000,2018-06-19 17:44:05.0000000
e29ab4a671400c41322e4855de633c6a,17b296b73ebefd6213299342b09f097f,5,,Maravilha ,2017-08-09 00:00:00.0000000,2017-08-11 23:28:46.0000000
c577faa817a66c6f1492728435f53cd0,97e11582eb8cdd7b83e35a4243d81f79,5,,,2018-01-12 00:00:00.0000000,2018-01-14 22:44:58.0000000
8c6537ae1519a3c0375e4fd45438344b,a9a75c64cb5e9f7bc92e68ec13f05c45,5,,,2018-04-06 00:00:00.0000000,2018-04-07 03:11:49.0000000
34e5d18f3bb64d586812f8f1d8b53097,bf6861804f97bcf7644f603c5bcf7784,4,,,2017-03-31 00:00:00.0000000,2017-04-01 23:43:01.0000000
5733e2aeeb52b99d044a2a3644e1305d,5abb6c1ea24afdc6e26076bfaa7539cb,5,,,2018-02-23 00:00:00.0000000,2018-02-23 11:06:24.0000000
a34d2c4ace97245460e240e07db0212d,9cd3b6a2b07667e425975a219b4fc382,5,,,2018-05-15 00:00:00.0000000,2018-05-20 13:57:26.0000000
9bdb93e1339cdbc9bbfd95c5df00f82b,72b9d86fe4e984d9879013b9ecbb25db,5,,,2018-04-24 00:00:00.0000000,2018-04-25 20:28:48.0000000
0bd4dcc4f6c4621baf37f73495cad8c4,a11cd01ac67beef7e8bf09740d8a35c1,3,,Entrega no prazo,2017-03-23 00:00:00.0000000,2017-03-23 21:20:16.0000000
888f11883ff85fa5c07e6ae1192d85c4,248907ae8054cb8e93d5aa44857779b4,5,,Cumpriu o prometido na compra e com o uma entrega em tempo satisfatório ,2018-01-04 00:00:00.0000000,2018-01-05 23:30:00.0000000
65dfeb60c40e3cbb0a1838285d86f885,a2714ecbf6eeb3bb9cd7dba6dc1c5e82,1,,Pedi reembolso e sem resposta até momento ,2018-03-08 00:00:00.0000000,2018-03-08 12:27:34.0000000
50a1eaa2f96d6f3e02d0cd68d92bab75,4a7cf245701068d38d441791b735e4bd,5,***** Recomendo,Super rápido.,2018-05-10 00:00:00.0000000,2018-05-11 03:08:49.0000000
1090909faae22e5ab76903e8493063f1,a1341cb83bbf1b47392f4a3685d56bad,1,,,2018-03-07 00:00:00.0000000,2018-03-07 15:32:23.0000000
7b2d3a4794961271f9150b21fecfeed0,2964eb001b521cc23017f1c007a6712b,5,,,2018-04-06 00:00:00.0000000,2018-04-08 18:42:33.0000000
31b63ea961f9f43c21209d729d1c78e5,46d2d651f006b9b9440d1aa37d89c894,5,,,2018-08-17 00:00:00.0000000,2018-08-31 03:13:36.0000000
4d36f8266245b00faebc520e9cd963c0,b1cc044d321053348a5e482ca7e6b2e3,2,,,2018-03-17 00:00:00.0000000,2018-03-17 09:29:47.0000000
71bc170a5ad41ee9dee95f82a17860a8,a90b081d0efa436e072d5328ecd904a4,5,,,2017-08-03 00:00:00.0000000,2017-08-03 23:40:22.0000000
c5be8de5421e658a45042d6ca6a4ff64,61665389f0cccf5ec8135e3b05efc714,5,,,2017-12-12 00:00:00.0000000,2017-12-13 22:58:34.0000000
0c8b57ea62de568f13a0e101d344977e,41bc5a3d34a8e4ef91b2e7d9500694cf,5,,,2017-07-12 00:00:00.0000000,2017-07-13 01:02:28.0000000
edfbad2944ea758725486c3bbcd04f49,9d2aa61b374fac5dd063f36fefa602e1,3,,,2018-03-28 00:00:00.0000000,2018-03-31 03:25:49.0000000
bbf6c18e7c5a88b6adcb69af3b971207,828a705e0645673b538e803ca75a29b6,5,,,2017-10-31 00:00:00.0000000,2017-11-06 18:43:24.0000000
436f71c9cc0c1aab7f51dc0cd0820516,c676e726f8a14a9527b41b9dc50ca1bc,5,,Satisfeito
,2017-11-22 00:00:00.0000000,2017-11-22 14:45:40.0000000
a47baae36cb2d3f2d8ab6449aee69ee4,2c1f923bfda154d36f6dad2084cbde2e,4,,,2017-12-19 00:00:00.0000000,2017-12-22 12:43:53.0000000
b83bcebb69cf373474b4cc3b10eb0bcc,c5d9ec893ee95eb55c4fa513cc606582,4,,,2017-12-13 00:00:00.0000000,2017-12-15 14:41:16.0000000
97d4feff1fd7129bee6cde095b9dac2a,b4039fffc67d7a5a75a3ba881d75e402,5,,estao de parabens... sempre chega com muiiita antecedencia..

Muito obrigada.... ,2017-06-24 00:00:00.0000000,2017-06-29 13:48:21.0000000
352609f0f2d34ce5d3b8de817ee948d5,96b947c986b42f213c9e6b8ccccedb89,3,Não recebi o produto.,,2018-08-25 00:00:00.0000000,2018-08-25 20:53:41.0000000
28f275d52ccd8b6614b71430481450fd,7ed1923ef9c8ce180035acd26a2d8eae,5,,,2018-06-21 00:00:00.0000000,2018-06-21 20:33:50.0000000
d23ac17822a812782cf7f848b2a8b38b,705402bc1d956067338873d414158d09,1,,,2018-04-22 00:00:00.0000000,2018-04-26 10:25:11.0000000
52844d80504646db0b746167070b9db0,6f0d22f1ac98ca3892d88dd39842fc3f,5,,,2018-05-10 00:00:00.0000000,2018-05-11 11:56:44.0000000
1692078634b63c7f25aa90ee746ec498,5bc4e94aef2841f392fb6fe7ceef69b6,5,OTIMO,OK RECOMENDO,2018-05-23 00:00:00.0000000,2018-05-28 12:48:45.0000000
7df70380ca80dea85f0a7f1f57fa2f87,83177602aad708cea549501386b021c6,5,,,2018-01-30 00:00:00.0000000,2018-01-30 18:19:27.0000000
ff722b4c68783a4459a3adb9bb4e1d0d,b8702f50a689621ab21ef200b55a5b8d,3,,Produto chegou, mas meu PC não conseguiu reconhecer as portas USB.,2018-01-16 00:00:00.0000000,2018-01-18 23:25:29.0000000
8055e963f26f70c406ca517b2c2848e6,9218ec94cd0d96e4c3e6b8c1504aa8dc,5,,Produto de muito boa qualidade, chegou antes do prazo prometido,2017-12-17 00:00:00.0000000,2017-12-19 17:31:58.0000000
7404a400814a04b9776eb50e1ef725d8,a14f7f38d99c7aba5db1566db11660a2,5,,,2017-10-24 00:00:00.0000000,2017-10-25 10:02:31.0000000
c2babb5fd0e3e13707274820a7227d25,0193a99edc8c599aaa16f9b9e991efb8,5,,,2018-08-02 00:00:00.0000000,2018-08-03 04:55:37.0000000
e128c3709dfb7fe87f162f7b34d1cc92,f04e5abb2044dbb28bbdd9aa470e4e8a,5,,,2018-03-16 00:00:00.0000000,2018-03-17 02:34:05.0000000
ae728c1061bf163b4bd256ad9ee0bb83,45c780334bc32cb77559a65c5f171160,1,,Este foi o pedido
Balde Com 128 Peças - Blocos De Montar 2 un - R$ 25,00 cada (NÃO FOI ENTREGUE)
Vendido e entregue targaryen
Tapete de Eva Nº Letras 36 Peças Crianças 1 un - R$ 35,90 (ESTE FOI ENTREG,2018-01-04 00:00:00.0000000,2018-01-10 09:52:57.0000000
41926e45719f9b923357ea3bb222195f,1601df22ba2f78168443e6f729e74868,5,,Entrega muito rápida
Parabéns,2017-08-29 00:00:00.0000000,2017-08-29 21:06:01.0000000
2dfefb93bf83b269520fd5b13c917c31,394dd790418f78501396d1a2912d74ff,5,,,2017-10-26 00:00:00.0000000,2017-10-26 23:46:47.0000000
f195f1c82cc4be5839a1a3a2babf3a50,bcaff5892a4def087ea5036d6b89b9db,5,,,2018-01-10 00:00:00.0000000,2018-01-17 21:43:05.0000000
72730619a00e0ecdecf0a4ff862d8996,af76a45a10524549102e010f2bd9d3cd,1,,comprei tres pacotes de cinco folhas cada de papel transfer para tecido escuro e so recebi dois,2017-11-07 00:00:00.0000000,2017-11-08 21:54:58.0000000
ba3e82857e13ba647e843f5a4ade76c1,ebcb12dc163784a4dad2cddb8feb64aa,4,,,2018-06-26 00:00:00.0000000,2018-06-26 19:47:07.0000000
c5d83c2523ef15209c8faf5133a7bafb,7eba0b6b5cb480d65416e26e2528d250,4,,Estava faltando apenas um produto, eu recebi hoje , muito obrigada!
Tudo certo!

Att 

Elenice.,2017-12-16 00:00:00.0000000,2017-12-19 23:21:17.0000000
5b713e49352337557efe509b2e801183,93e87829bab4127b8692f52a73df4284,1,,,2017-11-23 00:00:00.0000000,2017-11-23 10:32:13.0000000
4e18511741b7ba8896f192fae5858e0a,e7ec2ee871d40f0b32fb471cb07ad239,4,,,2018-07-13 00:00:00.0000000,2018-07-16 01:34:42.0000000
ba7e2a294a1c84d89bb8346d5343b74e,2ec63bd84c4e873ee8bf8786f4942673,5,,,2017-07-27 00:00:00.0000000,2017-07-27 23:51:14.0000000
ad0fb518df54cbb079834b68141941ee,cd2457140ff84327d7d7030053b80fce,4,,,2018-08-10 00:00:00.0000000,2018-08-14 23:35:31.0000000
deb68e90fe56fe23b61f76e429516f26,9d7ab082d6d8a4b069683e5a77db1261,5,,,2017-09-14 00:00:00.0000000,2017-09-15 11:40:08.0000000
766fc608e4f2683020fb0a121d9db23e,77fc7da5ef4df2c48276ae832072dcf1,5,,A bolsa térmica além de linda é super espaçosa . Produto de acordo com o anunciado e a entrega super rápida , entregou bem antes do prazo .,2018-01-10 00:00:00.0000000,2018-01-11 07:47:10.0000000
5c37d7ba6ef2f031c34bb4fda3454018,bbd1b9ebbc5a09d51caaa2d10e0f93b5,2,,Demorou de mais pra entrega ,2017-12-17 00:00:00.0000000,2017-12-17 12:14:13.0000000
e9cb7f668e6443a90158f7f9c90ab0f5,b98e145c0cd94f225072aa0e619d5d8f,5,,,2017-12-27 00:00:00.0000000,2018-01-01 18:45:21.0000000
83414f98136ce687f7eb69e555b2519c,36e05888e17fa68e55b13477d9b53d3e,5,,super rapido a entrega .... chegou antes da data... ,2017-10-24 00:00:00.0000000,2017-10-25 19:36:57.0000000
46d8249ea59101c7288936c3e6f155d7,f25ddb6cd62d720a5d91fff80467930a,3,Entrega atrasou,A entrega foi dividida em duas. Não houve comunicado do loja. Cheguei a pensar que só haviam enviado parte do produto. ,2018-01-20 00:00:00.0000000,2018-05-15 00:45:28.0000000
346317f9aff540395fe46893611854f8,546ffb713086001ce9f0009158f88b73,1,,Não funciona não faz sincronismo,2017-09-17 00:00:00.0000000,2017-09-18 23:39:56.0000000
2685a4800004a12ec09d27264ff1915f,5c973d2b4652e1dec15353b59339f3b4,5,,Recomendo a todos os clientes,2016-10-22 00:00:00.0000000,2016-10-26 17:47:19.0000000
0dc56be1dabd04c994a0fce5478bb16d,f4c47c5163aecbdc7ce04fa55857b332,4,,,2017-10-10 00:00:00.0000000,2017-10-11 14:23:53.0000000
c422274e50e900b46fee429016c5458d,950bb159eea525ff8947b92c93b02f8e,3,,Gostei ,2017-09-24 00:00:00.0000000,2017-09-25 14:09:58.0000000
369d4e59eab6f38a28c5033120180bdd,36d5bd2a92fd8d42046d3fd105357dba,5,,,2017-06-22 00:00:00.0000000,2017-06-22 23:36:13.0000000
5a27bebda2d497ab1fbc6f425abdc6b8,824ed066dde5116b8bcf4d75381e056d,5,,,2018-04-12 00:00:00.0000000,2018-04-13 11:56:19.0000000
a95d9b8de163612abddc0a2aae1131d5,140d9953eb16589e277967bbfcdf7ac5,3,,,2018-08-26 00:00:00.0000000,2018-08-28 15:04:49.0000000
4ada105731802020d66105508076cb49,6f393015477564624446a2b4c948c0f0,3,,,2018-02-01 00:00:00.0000000,2018-02-01 06:26:39.0000000
0d4821be98f78d25e14f37ac9d320a84,cc3db854dd878770935397762ee0e1ce,5,,,2018-04-05 00:00:00.0000000,2018-04-05 23:19:58.0000000
0ea6bcf44daa35a34247b889d2d21c9e,3284a74080329a1d90714bf77280db30,5,,,2018-03-09 00:00:00.0000000,2018-03-11 15:27:10.0000000
3f6d9482c57cdb5fc7012f7b9b5ed4c5,2a3251c95a3d5c57ed230021faa588a0,5,,OTIMA,2018-04-19 00:00:00.0000000,2018-04-22 12:25:48.0000000
a55012f5c7e74353e92986be15d133b6,54b73f808b0ff25da4276773c30ac269,5,,Gostei muito do jogo de banho.A estampa florida, o bordado, tudo muito bonito. Ótimo produto.,2017-06-03 00:00:00.0000000,2017-06-04 02:22:55.0000000
8e42039f9508e0fb21b61262ba2ce672,bea1d77e861b4f44276f02d599d25705,4,,,2017-05-30 00:00:00.0000000,2017-05-31 14:13:00.0000000
487f8ff16eaf366dc7c01652202048c3,d5ba80d74b52c335ae36398d6159e6ee,1,,Chegou apenas uma peça, mas na nota e na garantia constam as duas joias.,2017-08-22 00:00:00.0000000,2017-08-22 23:45:13.0000000
d95ffc47f9741048c6872cb8d3ed0e8b,f41ef35b2b93249c5239c5df242e8b28,5,,,2018-05-16 00:00:00.0000000,2018-05-16 23:16:38.0000000
072aa82842434b050889c89a33c699a7,f1367a0a8fa445363c4e6d5a529db4a5,3,,,2017-11-15 00:00:00.0000000,2017-11-16 08:47:52.0000000
b47ad9b11251939a7f684c19cf317830,54489dc43b208728294699a03e704d91,4,,,2017-08-18 00:00:00.0000000,2017-08-21 14:30:49.0000000
ef8ae544c432bb1053ba5990bd0d6227,e18ebd6286697a3f0f6fe267d8286cb2,1,,EU NÃO RECEBI O PRODUTO E CONSTA NO SISTEMA QUE EU RECEBI ALÉM DE PAGAR CARO DO FRETE ,2018-01-12 00:00:00.0000000,2018-01-13 00:28:49.0000000
aaab917291fea34988b9a0cb60e0716f,560f7585b57fcc9579460fa21c0d8ec1,1,,Comprei o relógio, unissex e enviaram um relógio feminino, bem menor que as especificações do anúncio.,2018-04-05 00:00:00.0000000,2018-04-06 11:06:19.0000000
3f73914ab5fc1cd68ad6757c93644349,3144812170fbb0c3b71bbd757609f605,5,,Sempre compro na lannister.Pra mim é a melhor loja on-line,2018-03-14 00:00:00.0000000,2018-03-17 10:26:13.0000000
e2fd85e5df711bd91e6e96e13c741843,c9645496b715730a1a5d07eb97a6bf6b,5,,Produto de qualidade excelente,2017-01-31 00:00:00.0000000,2017-02-01 16:56:49.0000000
076e5ceb849c9ddf05cfb30bf223febb,30eb68f1adec947261593a874308f991,5,,,2017-11-02 00:00:00.0000000,2017-11-02 15:30:03.0000000
c3dc53293222872c90de63a9dc56902e,617b248faca8fe758da0640030f82f00,1,,,2018-06-22 00:00:00.0000000,2018-06-22 20:59:02.0000000
1f5f1df7e359907eaadcb67e73590c10,7958f96c87dcc4edd752ef1a39e75cd9,5,,,2018-04-28 00:00:00.0000000,2018-04-29 12:38:06.0000000
0f47555e4df6f6e31bb40c6ff7fb6fac,f81ed3e1a19bd4246ee3e90b01359eb0,2,,,2017-10-02 00:00:00.0000000,2017-10-04 23:54:09.0000000
033fb23c97ecb11c0548f4763bef5773,0b8c6aefe987f59ab3cea15927aedc8e,5,,,2017-12-29 00:00:00.0000000,2017-12-29 19:51:26.0000000
f7a4aac5a45a3653a0cb7a9c190a6332,7175aabb77705c82c70d16055bd2a380,4,,,2017-12-20 00:00:00.0000000,2017-12-22 21:00:16.0000000
42ae74a43661be8587b2e2db054179db,0a187dd7f4efe70e8c3b6e3779b3b133,5,,Ótimo custo-benefício,2017-09-14 00:00:00.0000000,2017-09-15 14:15:14.0000000
d8f61c7fcd172785563a65cd65a8cea8,cf34fe44babb9fd001a001acfa43cabf,5,,OK,2017-11-19 00:00:00.0000000,2017-11-22 19:34:39.0000000
4d89dd30fcb3374bb3634e0850bb3ee6,7fd8bee2cb90a93904966af3fa39ff3a,5,,,2017-12-02 00:00:00.0000000,2017-12-03 01:31:02.0000000
1f83ac8151dd375e41ab519523ade3b1,e08878ad70acad81d0e90f59e56ce9a6,3,,,2017-12-13 00:00:00.0000000,2017-12-17 18:47:06.0000000
79927442ebcbf70b2021e1339bb9a51b,1c8898140458c37fbbf0be37d47193b9,5,muito boa,Gostei da atenção com a entrega,2018-04-27 00:00:00.0000000,2018-04-30 08:04:49.0000000
ecb87d3794a6b2a32e6d9ebee0b8dee5,b1b42afa1e73f34f90872f5f1ec48391,5,,,2018-08-04 00:00:00.0000000,2018-08-07 18:50:13.0000000
77a5eb7708ea47c9dd27b268ab56b633,8883dd20e652369652c1abd7a411788f,5,,,2018-08-21 00:00:00.0000000,2018-08-22 10:55:39.0000000
14613df954694f243dedeaa2c8a3a5c2,1e91914c9706a5d4665b8c5a6294b107,4,4 , Se fosse vidro tinha quebrado; veio na caixa sem nenhuma proteção por dentro, a caixa estava muito amassada. Desculpe.. mas gosto de comprar de vcs
.,2018-05-15 00:00:00.0000000,2018-05-16 23:41:51.0000000
5f938e5f5f2e9a75710b54feeb9ea610,d9ff0185a300435402f043124f530274,1,Médio,A peça não serviu,2018-05-11 00:00:00.0000000,2018-05-14 14:08:04.0000000
d7ea05bb4f9c77d606fd90b1a27e317d,bb5b0d8f3e9c964760c674f2aa2ae0cf,1,,Comprei o produto dia 25 de fevereiro e hoje dia 29 de marco não fora entregue na minha residência. Não sei se os correios desse Brasil e péssimo ou foi a própria loja que demorou postar.,2018-03-29 00:00:00.0000000,2018-03-29 23:13:58.0000000
185cb85ede91009d7a8e685687c037ee,2e5dc86c8c4aa663549caf5e31de840d,1,,fiz minha compra faz 30 dias e não recebi ainda meu produto.
Precisa melhorar nas entregas,2017-04-06 00:00:00.0000000,2017-04-09 18:25:12.0000000
0c9b6ca9b3beaf0fd5d621f63844ea01,cadd4c5765abf658117f2cc7e2a639c2,5,prazo entrega,Espero receber esta semana, o que não seria tão extravagante, porém...mais atrazo do que isso me faria desistir do baratheon.,2018-08-26 00:00:00.0000000,2018-08-29 02:48:21.0000000
29b897a4c960516960b7dbe2ed0cb99a,4ecddf4ce273e32faaf71a4a8ed4676e,3,,,2018-07-22 00:00:00.0000000,2018-07-24 13:21:55.0000000
0beb430df734fb96c4f353165408b439,1e721ce42c736da389dc1e266e969acd,5,,,2017-08-08 00:00:00.0000000,2017-08-10 19:27:20.0000000
ab296dbde37f94824e4290893c67f917,163dbb9a9e122705518ab2735e1c6008,5,,,2018-04-22 00:00:00.0000000,2018-04-24 18:35:52.0000000
c399eafa15aafaecdd1d9008f5b34ed6,3081ddf6e7c6afa4e4124e7882486fcd,5,,Entregou no prazo certo, fiquei feliz com a compra que fiz,2017-06-23 00:00:00.0000000,2017-06-24 00:58:52.0000000
db168e3b1bb8b376934b2c5985cb3eda,4edd97a383a190e45e83c16cd6460d63,5,,,2018-03-11 00:00:00.0000000,2018-03-11 12:51:38.0000000
a03362dde282489127b112aeab3d6a82,a6ab143f24e590dc7c72a62bc4eab3af,4,,,2017-07-25 00:00:00.0000000,2017-08-02 18:15:52.0000000
fc58a37818aacbf958eca9d16b4e2e84,ed6de1d370dd47560f0d9c87c832b6fe,5,,,2018-05-05 00:00:00.0000000,2018-05-05 23:49:04.0000000
8ef36616bef00398b6e413c124f436c8,6925682cc441a2514cd15f7f17ece7b2,5,,Lindo relógio adorei,2017-05-31 00:00:00.0000000,2017-06-01 01:21:14.0000000
2636963d49a40a1d951eb0880fa1d36e,b8d7fee0274d75202bee63e9e71fec3f,5,,,2018-05-12 00:00:00.0000000,2018-05-13 11:05:13.0000000
57e994485c2ebd293e4fa9cd62e5bb96,201691efe89d4d71f36e5ea279a8759a,3,,Comprei dois lustres pendentes, com a parceira targaryen e só me enviaram um lustre. Abri reclamação, mas ainda não recebi resposta. Aguardo solução por parte de Lojas lannister.,2018-03-14 00:00:00.0000000,2018-03-16 20:26:10.0000000
d83b784ad6ff9896198595107667a60c,5ac69d0f070172b49f4541b6dc1272c6,5,,,2018-03-24 00:00:00.0000000,2018-03-26 12:38:02.0000000
0ddace107051d27b273578e30c758518,f8b6b27efdf0f73f9e9d978fc503c45f,3,,,2018-07-12 00:00:00.0000000,2018-07-13 18:08:46.0000000
9d0f36ac2ecea44727adaa0e0fe064fe,3aa2600d02e113fa1145a76a2e90185f,4,,,2018-07-13 00:00:00.0000000,2018-07-18 13:32:03.0000000
0a3157c8e3e2b8b34dadee70c2174ab2,bb4648eb654b7296660ddcbc2ac64c0f,4,,,2018-06-21 00:00:00.0000000,2018-06-22 01:00:54.0000000
59d95e0b5b52d038dc3a022b7c912969,fc8c2e8bc069aea361c41c313464993c,5,Super produto ,Muito bom alta qualidade!,2018-07-04 00:00:00.0000000,2018-07-05 00:56:21.0000000
ca21ff9bdc64ce15d2be8e09bbc5a115,2f6bbf69e7e15f419cef8a59761df265,1,,,2017-05-06 00:00:00.0000000,2017-05-09 11:19:51.0000000
4f38ceccf5f69828f45e871aad65266f,5a2aaa78e3c69a74dd64b28846deb199,4,,,2018-08-30 00:00:00.0000000,2018-08-30 18:04:07.0000000
a0adf7a439816b22050d6bf433cbbff6,15c8f741c0b7deafafea8af0f7bb6852,5,,Produto bonito, entregue bem valado e dentro do prazo. Recomendo!,2018-04-10 00:00:00.0000000,2018-04-13 11:04:52.0000000
93fbbe62dcf6ffac99be013a1c68eb52,935f0d2ac8ce7ce29f5712d2637ddb33,5,,Muito bom,2018-02-20 00:00:00.0000000,2018-02-21 09:42:27.0000000
c40a6b6e0181e5ec0d12cbc2e12c49d3,f3468d6a2c7586711e9952242898aad4,1,falta de produto e quebra,Faltou 1 produto e os que recebi 1 veio quebrado,2018-05-23 00:00:00.0000000,2018-05-23 22:23:00.0000000
5241fcad10d7b45a1761f1e1e1536faa,0bcbcc3e0a09b3f6a9495de35f452616,5,super recomendo,chegou dentro do prazo e o produto é de excelente qualidade! Acabou as dores nas costas, estou dormindo muito bem!,2018-07-07 00:00:00.0000000,2018-07-09 18:12:17.0000000
a0c0cc2cb9e040c3ee6716ed79218fc2,40eb3456ddb929efd347db4817460755,4,,,2017-08-29 00:00:00.0000000,2017-09-02 00:11:30.0000000
d2322bd5a219c030b3c0d7a80fe27b8f,a69cfdf2a1c59f8ff05718f69d021e81,4,,,2018-07-27 00:00:00.0000000,2018-07-28 11:06:54.0000000
785eeef6b986a8606ac04b88a08ba52c,bdb2bc3c571eb25e242b01f591816c7b,4,,,2017-10-06 00:00:00.0000000,2017-10-09 13:44:42.0000000
2613eaca6e203ad90206bd06e3dc5684,75ad3bc2c20ac416220546b2268066dc,5,,,2018-02-23 00:00:00.0000000,2018-03-26 18:13:48.0000000
5f56971f3f82d508077fc035b7b734e7,bba3165de0a4f708a3fd065a5365e508,3,,,2017-09-06 00:00:00.0000000,2017-09-07 11:58:02.0000000
06f47dacd0575e592bf6a17e922ce6cd,82348f1b5f24ac795fa9320e02c49553,1,não recebi ainda,aqui está descrevendo como entregue só que ate agora não recebi,2018-06-28 00:00:00.0000000,2018-06-29 16:34:46.0000000
d36219dfadc3a5b07ab66670d23915ad,22613579f7d11cc59c4347526fc3c79e,5,,Acho que rastreando o produto devia ser melhor e mais preciso, mas no geral foi uma ótima experiência ,2016-10-19 00:00:00.0000000,2016-10-20 12:40:59.0000000
5230dc021b8ce3fe53ed728af873a6d1,fc850201b579f014488f1cca40aaa06d,5,,Ainda não tive a oportunidade de testar,2017-11-23 00:00:00.0000000,2017-11-25 16:59:50.0000000
28642ce6250b94cc72bc85960aec6c62,e239d280236cdd3c40cb2c033f681d1c,5,,,2018-03-25 00:00:00.0000000,2018-03-25 21:03:02.0000000
4656b8ed41c17f6be05e911e211ecd8f,7bdfa70c4049e7319a3182997e27cb95,3,recomendo,Comecei a usar agora ,2018-05-08 00:00:00.0000000,2018-05-10 13:57:17.0000000
3a3ea86822a881a0e7c2245b37472eb9,02bd92abe094825e0683bacaacb64285,5,,,2017-12-15 00:00:00.0000000,2017-12-15 21:51:08.0000000
7c3ac85dbe77e3a5710651ffdf18657c,839b18549775e2e18c8af2ef891474a7,5,,,2018-03-24 00:00:00.0000000,2018-03-24 21:06:25.0000000
8ef0597f9b1870cf46c81358425f0e24,d451da9b109e1786f303924d04ed72a1,5,,nada a declarar,2017-05-20 00:00:00.0000000,2017-05-22 11:22:58.0000000
ee4e9d8ae6c7380d34d99f6138b0c542,c42ccab83afd0e50ca0d6089596b1b8b,4,,,2017-04-14 00:00:00.0000000,2017-04-15 06:22:26.0000000
a60dfbe4f5ccf7fb015fd9e3b33930d1,cd383d7a5f926abfe7b2ee1b80078b45,5,,,2017-02-24 00:00:00.0000000,2017-04-01 02:29:39.0000000
6b341682ab39af9fa00d72d7388c903b,fd65651f855608ad1aa52ff4a741c31a,3,Nota3,Comprar um produto correto na capa mas interno ser outro.???????
,2018-05-10 00:00:00.0000000,2018-05-11 01:15:28.0000000
bde35884f0abc51bddb28eb6fd181084,4709741e829775567b92abc42437b461,5,,,2018-04-10 00:00:00.0000000,2018-04-11 13:50:47.0000000
843ed738a1c772f69a83b391cf250932,f729e44f11c7a06db2838b465e8dd090,5,,,2018-03-27 00:00:00.0000000,2018-04-01 13:58:42.0000000
e4f0765c572989acb3d2d17c911ccce4,4b661d524b6f0788746514fb6f7ad3fa,3,,entrega super rapida,2017-12-13 00:00:00.0000000,2017-12-13 16:35:59.0000000
bea8c2d959f0d6da23896d1b37df7b60,a251664f5760915d29631e4ea0a6f66e,5,,,2018-06-06 00:00:00.0000000,2018-06-11 20:06:50.0000000
557ae9c16a8ea3909db2fc5a01bc5151,287b045cfe9ba0ed08308efc06c366ae,3,Suspense,Fiz um pedido de 4 garrafas de azeite.Chegaram 2 num dia e as outras 2 quase 48 horas depois.Contato com a loja muito dificil,tanto via e-mail qto por telef.O suspense terminou mas lá não compro mais,2018-05-24 00:00:00.0000000,2018-05-25 12:23:02.0000000
5939898b5d2ac05454b2fe1aeecaad19,ff37040ee7efbb9709c2b4389c4c0fc4,5,,O produto chegou muito rapido e de boa qualidade recomendo o produto,2018-03-09 00:00:00.0000000,2018-03-12 10:32:15.0000000
e75a1e7f0e95d5eb41f6e6fa7c560821,9fbfe9199f9a0440a9f57f31c57ccc21,3,,,2018-01-23 00:00:00.0000000,2018-01-24 20:42:15.0000000
33dd28d996a4f17112cdacd7bbded8f8,1e94bea629f2a9ad149fc751e9880aab,5,,,2017-10-10 00:00:00.0000000,2017-10-12 22:43:35.0000000
87aa227006eb2fb086f3cbdaaa2fe764,352ad67deb8528562cff60c00dc6e99a,5,,,2018-07-12 00:00:00.0000000,2018-07-12 22:46:10.0000000
715742f4ae2149e82ead981971912530,73863aca434e1d117e45109bea6f1937,1,,,2018-08-17 00:00:00.0000000,2018-08-17 05:21:43.0000000
ef73c7836d8a58bb4d03c816b73230ea,1d96a7c14a9528634756937849d8467d,3,,,2018-01-31 00:00:00.0000000,2018-01-31 21:49:35.0000000
4140f2b38a5447bb90d453256604d8a3,78008d03bd8ef7fcf1568728b316553c,5,,,2018-07-11 00:00:00.0000000,2018-07-11 17:33:14.0000000
a89a2b0c2014bc49a0f87f1eedb7b269,22b1eef278d4416c1e867a55d1c39fea,5,Entrega antes do previsto,,2018-05-26 00:00:00.0000000,2018-05-28 22:46:27.0000000
cde97e23deec3aa11e838402378706ee,512ba2efae3409f37660ce26199b32aa,1,,Não posso! Estou aguardando a chegada do produto que comprei!Logo que isso aconteça, terei minha opinião formada!,2017-12-22 00:00:00.0000000,2017-12-22 12:20:27.0000000
b2f9240b0a16650054680457ad518388,807bd7d79398132db47a02f8d49c60f8,1,,,2018-02-24 00:00:00.0000000,2018-02-24 18:26:56.0000000
3ff8285931cc9b54c9ad22ba78957f63,e6b23db78d4473c921fb9315e04b5c0f,1,,Comprei dois produtos e recebi somente um. Mandei dois emails para a loja e não tive nenhum retorno. Estou insatisfeita.,2017-05-14 00:00:00.0000000,2017-05-19 10:38:27.0000000
0d7749e6d8cf50d052f7124ac4d0ce68,23d80303690482f9b28107267da8dade,5,,,2017-05-30 00:00:00.0000000,2017-05-31 11:19:56.0000000
cdc5c81bd9377ccbf9cb95f05648c31b,18956b40b774d6384c8539cd61784bd7,5,Recomendo,,2018-06-22 00:00:00.0000000,2018-06-24 23:07:08.0000000
95e5dd3143be96fda1515602b321cd21,966d505c98ea667c11343331a5d67722,5,,,2017-08-26 00:00:00.0000000,2017-08-27 12:18:45.0000000
fdb0e5a14fb6456e28ce7b3b054b8843,eccb333547035c917db4396ff94c3182,3,,Não recomendaria esta loja nem pretendo voltar a comprar nela.A mercadoria foi entregue após o prazo e quase 1 mês após a compra. No site das lannister costumam chegar antes do prazo. Estranhei muito,2018-02-16 00:00:00.0000000,2018-02-17 21:35:00.0000000
7914fa319f12631679d1704d7dcd17df,06ecfa8dfae87263e05d953aa561603d,5,Top,Recomendo,2018-08-22 00:00:00.0000000,2018-08-23 01:51:28.0000000
deb6f26fd2c11c556bc9245fd9203469,997cd0cc21c4cc23cf4b07c4f53834db,4,,Atendeu minha expectativa.,2018-02-24 00:00:00.0000000,2018-02-25 11:02:05.0000000
6591adaa3a855d13090d5fd151ad96c2,b3e8f5b15b942cacd19dba17d7179867,5,,Entrega antes do prazo. Produto muito prático e de fácil manuseio. ,2017-08-31 00:00:00.0000000,2017-09-01 02:38:17.0000000
3ed2fb4d3cc7862bfa63bc388fe9435f,fa77b4aa91c0a9f2bc533e0dc380d9c2,4,,,2018-08-11 00:00:00.0000000,2018-08-13 13:48:01.0000000
8e9a28e03aec9af5e2c6b84b43745178,3c8aa4e17d7d0b7a6b3c5f8ea6d36038,5,,,2018-07-07 00:00:00.0000000,2018-07-09 22:00:14.0000000
b04bb28827ffa26870431840b2829f1c,96b8bacb04c05e3e178f33bf738f357b,3,,,2018-01-17 00:00:00.0000000,2018-01-17 23:00:28.0000000
3ec66627133a5ddca2ee88a81b95bb13,f7641c0de17b431a84de1c1b1cc508fd,4,,,2017-10-17 00:00:00.0000000,2017-10-20 01:10:27.0000000
c4a20a1d2d634f814cca9311edd60e99,1a558554b7f10eba1ffdd56ce469df63,5,,otimo produto só nao veio manual, mas sem problemas.,2018-04-21 00:00:00.0000000,2018-04-24 14:26:37.0000000
81e7291e2f92b492eb0340f4406c6897,93720f5a467d2edd5e84e209e8a9a4f6,4,,Uma das peças não encaixava, estava de diâmetro diferente. Eu tive que serrar e martelar para poder caber e encaixar.
De resto, tudo ok.,2018-04-19 00:00:00.0000000,2018-04-22 16:36:04.0000000
eb6d75bedecae7b3dbea11b8530637d8,00b9e0f8f588d0406a3de447eb606970,5,,Excelente produto.,2018-02-17 00:00:00.0000000,2018-02-19 16:20:08.0000000
593f9b33c3a4c74e37b7b7c49f0cedc4,268762d6a983092f8632e379836806eb,5,,Tudo certo,2017-09-07 00:00:00.0000000,2017-09-13 13:51:51.0000000
a36150969fe6bd09ed011dd78aeb0189,ef1b29b591d31d57c0d7337460dd83c9,1,,Demora na entrega, detestei o atendimento e NUNCA mais compro. baratheon quando vendia por eles mesmos era bem melhor! ,2016-11-02 00:00:00.0000000,2016-11-03 12:04:24.0000000
2c303fb6b2f9c16f324f7deb88e736fe,d9fb85f3f3239e18e331c9f622d6998b,5,,Produto muito bom,2018-08-08 00:00:00.0000000,2018-08-09 05:27:42.0000000
43992f6d75ecc01ddd8c748b9362bc81,55b5a2fb966c36bed46f082ad6062914,1,,o meu produto não chegou... segundo o rastreio está parado em Ribeirão Preto sp... ,2018-03-23 00:00:00.0000000,2018-03-23 23:21:32.0000000
8b4c14417bccab81710772ecb8b23fd6,62a575a2a9f2c005b7ec7ff7dd76d5ee,1,,produto deu defeito na 1 vez de uso.,2018-08-03 00:00:00.0000000,2018-08-04 19:32:39.0000000
678e365210564367e0492d100b977f0b,496b982d1f2a1315fcbf81ae2fed02a4,5,,,2017-06-07 00:00:00.0000000,2017-06-09 19:26:56.0000000
3528296df9092b7a7b88bd036e3f8a8e,dae4fcb62b78ccf2ff3ac4d49113a8f5,5,produto show,super recomendo produto profissional de qualidade,2018-07-14 00:00:00.0000000,2018-07-17 14:28:34.0000000
252b934455d29ca8cc070504686ecc52,4806c15e687faabdb46ca2643cfcfa6e,1,,até agora não recebi o produto.,2018-03-14 00:00:00.0000000,2018-03-14 08:59:57.0000000
1b76e88159db434a903b2f6ce68e2c6a,c87cf593c8c9e0e59f1039a2bb8e5d44,5,,,2018-08-15 00:00:00.0000000,2018-08-16 12:59:51.0000000
62643d4b292ce733f36482b980a08ecb,22c9adee57f279cc5b0741ddabc89e6b,5,,,2018-07-24 00:00:00.0000000,2018-07-25 03:29:13.0000000
b736ff4204044e49e39062584d06fa74,993da8482e658ec7f1d0c6d955604936,1,,A loja anuncia um produto e entrega outro.,2018-08-24 00:00:00.0000000,2018-08-27 05:20:47.0000000
c7475b2c4448321756b6136327f1394e,e11c61aa2d539f826865ea728496f6d4,5,super recoendo,muito bom e rapido quando vi ja tinha chegado,2018-08-23 00:00:00.0000000,2018-08-24 18:42:32.0000000
e986690c0aab61c59b4e95d9faea5788,ace0c35b85db51d5c8dd029487bb9f34,5,,,2018-01-30 00:00:00.0000000,2018-01-31 10:01:43.0000000
44cdb9cb9c9f8d6bcea59e0b61b8df6a,1a2cff485ae2a17b68b6ccefb1ecdf93,5,,O produto chegou muito bem,2017-12-13 00:00:00.0000000,2017-12-16 19:33:23.0000000
927eaaaaeebc8579c91927f2d0b40049,c835e0746829dbae8bb92fb818ba654d,5,,otimo,2017-10-08 00:00:00.0000000,2017-10-09 14:07:22.0000000
176cc048a52801ae90f9284cb9ec83e9,758c123811f3da2280246ba25f4938d1,5,,,2018-06-07 00:00:00.0000000,2018-06-08 01:40:33.0000000
cc2b21775364b08a1ee52c1405cef6fa,8624ba83187b6280c6d8b7664a5f5607,5,,,2018-04-21 00:00:00.0000000,2018-04-24 15:12:54.0000000
65b934c20d632fc2df0fd4723464fa78,824d9780d0313771024a0c70fe9dd9a7,3,Erraram na caixa acústica,Apesar de ter sido entregue rapidamente, substituíram a caixa METEORO pela caixa BORNE. Quando tentei reclamar nas lannister o sistema estaav fora do ar. A guitarra e acessórios estavam corretos.,2018-06-12 00:00:00.0000000,2018-06-12 22:36:18.0000000
af9e54a155c1248534f1fa60179c6393,afb1e1ccaac288ec1ab9754e2e36cdaf,5,,Muito satisfeito,2017-12-05 00:00:00.0000000,2017-12-06 00:38:31.0000000
ea12cd666e65ef6cfc48e7ddd8596833,93a157bd42d5aee115dbfbca895d9998,4,,parabéns para loja e revendedor apesar de ter demorado um pouco,2017-09-23 00:00:00.0000000,2017-09-24 21:45:56.0000000
0cffe0e5a8d15b6159dd64768d110521,5899e054139c0623eb7e33c47f32b68a,5,,,2017-07-05 00:00:00.0000000,2017-07-05 15:09:23.0000000
8023f946d9b261cb0ecb604703427917,f23c71439ab24ac853522e783dd7dec2,5,Ótima compra,Entregue dentro do prazo, e com bom período de validade.,2018-05-05 00:00:00.0000000,2018-05-06 00:28:38.0000000
4faa35770cc4dbf5f2725bcebdd1bdc6,60c6581ec5ed9187370902a251501b8c,5,,O Jogo de toalhas é lindo mais bonito do que na foto, amei.,2018-01-18 00:00:00.0000000,2018-01-18 18:08:12.0000000
c239d18d7e310e477d5e7b76b362db1d,80a2b0dcabefef6a83477204433b2482,1,,produto foi entregue com umas das alças com problemas (está faltando 1 pino de fixação),2018-03-11 00:00:00.0000000,2018-03-13 21:17:09.0000000
24972a8c126b024fb6344a60aaebd39f,5e791294b4404ec12340f4c938c10cbb,5,,,2018-02-25 00:00:00.0000000,2018-02-27 20:17:13.0000000
5cc663b86b8e633c513546914eca82d4,1e9ea7d5f669d780b187f487a03c3f7b,2,,,2017-11-24 00:00:00.0000000,2017-11-27 12:46:34.0000000
b3df5ccdfff218d039dd166e3da759f5,33fb6b947580ee29bd0c6babed6049c1,2,,Foi marcado o dia 14/02 para entrega do pedido e no rastreamento marcava que o produto já havia sido entregue na data mas na realidade não foi entregue. O produto só foi entregue no dia 28/02.,2018-03-01 00:00:00.0000000,2018-03-04 21:45:00.0000000
c11da18223114c483b887b9914045f79,468c2f34312a6d270a20c7aef082041c,2,,LOJA ALÉM DO FRETE SER MUITO CARO . O PRODUTO LEVA QUASE 30 DIAS ÚTEIS , PARA CHEGAR NA SUA CASA,2017-06-07 00:00:00.0000000,2017-06-09 06:12:39.0000000
ed1abc8df9e01dae7a468e4a5b73fa2b,4c93b283893b057fe314b13138f01119,5,,,2018-06-24 00:00:00.0000000,2018-06-26 21:13:19.0000000
9a1ee0715c046406c61aa17f5c329f58,1882b3d31fb4a660930adb0ba04e8680,5,,,2018-02-20 00:00:00.0000000,2018-02-21 04:09:44.0000000
57b95e70db33ca1f983ac8d08df711b5,50f39d306a35f31046305de54b1527ec,5,,,2018-04-17 00:00:00.0000000,2018-04-18 01:35:30.0000000
6f885e2fd69412264d9e74e805175d53,108e1d5b7a25ff07b49e500b1c7ae4b0,1,,Recebi bem rápido, porém veio outro produto, e não o que eu pedi, o modelo veio diferente, a cor, veio uma capinha que não tem zíper, enfim, não recomendo. ,2017-06-22 00:00:00.0000000,2017-06-23 19:35:16.0000000
814105994749e97a5609f7d41c165f6b,4de53bbf0a2a3bae777eb829a3145c9c,5,,,2018-02-09 00:00:00.0000000,2018-02-11 23:12:36.0000000
0185df4755be7045d22b951fba4a4b58,e5700a52207ef266413e9f43a7b0d5f6,5,,,2018-08-24 00:00:00.0000000,2018-08-26 22:08:46.0000000
b5b0dca838fa6e57dab66388f05c66b1,9e988375e80989b9914b695cd57654cb,5,,,2017-03-22 00:00:00.0000000,2017-04-17 05:39:29.0000000
2ac08e70bba7ad45079a8bfc15233952,814525d9a609035835b96f52ca9047eb,5,,,2018-08-29 00:00:00.0000000,2018-08-30 09:56:41.0000000
b83ba2a97932a8a661f5bf8eac7642bd,f464bdc3b17c2085e54b66d8e5ae1695,5,,sempre comprei no stark e estou satisfeito.,2017-05-31 00:00:00.0000000,2017-06-01 13:56:37.0000000
a6c58307ee35180cf0dc1d39466db359,796b04ac2c7b508683f6010238b991f1,5,,fiz a compra por tabela e graças A Deus deu tudo certo fico muito grato pode confiar.,2017-12-23 00:00:00.0000000,2017-12-29 22:56:10.0000000
31a346e6f2cf783b145080e2f4dc6e32,35ff30856e32d0b5a4a2abe36bc26f4e,4,,,2017-10-22 00:00:00.0000000,2017-10-24 18:12:08.0000000
68c49ef4957e7d9d5ce406058b4848c3,fc24b77521e400e8290a902026efcc85,4,,,2017-08-08 00:00:00.0000000,2017-08-11 10:31:24.0000000
f7eb8792e67d53e01a224bfa9b6802b2,a0f2f8b0523207a13f02225bc812ed23,1,Horrível,Cancelaram a minha compra um dia antes da entrega, liguei para a lannister e os atendentes não sabiam o que estava acontecendo, uma bagunça, agora estou esperando para ver se vai ser cobrado,2018-08-05 00:00:00.0000000,2018-08-05 09:27:55.0000000
dd9696ded8cb3022c952eadcc83432e9,da56c7c0b595c544c33fa7d3ea80de80,5,,,2018-04-28 00:00:00.0000000,2018-04-28 19:48:47.0000000
036bac7dcf336feff8ee82009a67b01d,a7798126c7238a769777af04c3d19e71,5,,,2018-02-28 00:00:00.0000000,2018-03-02 01:26:28.0000000
4940d39efaa50e020312724f6a6e5efa,1a1ef8dc595adbce0e5d75d806d69286,5,super recomendo,produto de qualidade e eficiência na entrega. recebi muito antes do combinado. recomendo,2018-06-08 00:00:00.0000000,2018-06-08 20:47:31.0000000
0ab6a11e5c1275beaad02a171286c7ce,75b96a3b1a4aa70f1b20c1e86020cfd3,5,,,2018-06-12 00:00:00.0000000,2018-06-15 11:52:14.0000000
7bd303edd3865abe8addb98d2a2e6577,d66d818e0e5486b4382bdaad63390b53,5,Muito bom. ,Produto bom veio no dentro do prazo chegou em 08 dias estão de parabéns. ,2018-08-01 00:00:00.0000000,2018-08-01 18:52:33.0000000
bb066f2c00dd1116cd31ec9b250b22f0,fd146e195b9e3e00d02a5bf4208e043a,5,,,2018-06-11 00:00:00.0000000,2018-06-13 18:18:23.0000000
76a2c91e6bf615fe58abe97b55a19ee1,ff014de83d667807820e68d8ea975281,5,,,2018-06-30 00:00:00.0000000,2018-07-03 13:33:08.0000000
5bf1a70143253c588a56357140b572ce,ab8c4bf0204081a450dae1139f6eacb5,5,,,2017-12-19 00:00:00.0000000,2017-12-19 22:43:53.0000000
930654bbac6c1f865eed4e39127eac9c,2c9e182f7a193ad787c1e4dda16768c1,4,,,2018-08-07 00:00:00.0000000,2018-08-07 22:19:49.0000000
11caa17c5966423a2f73ded6a13ad638,15a31c39dee81bc534abff1f9b5ec6c2,5,,Tudo ok,o baratheon sempre responsável com a suas entregas.,2017-07-26 00:00:00.0000000,2017-07-27 09:16:34.0000000
9648ffe0a9fe06e89225f782dec7f3ef,aa3ae718cc36bc728bd78c098dc84c24,5,,,2018-03-09 00:00:00.0000000,2018-03-09 19:35:59.0000000
84ae94ac7146889400b0c58f5baa7cde,39841bda2ced6b58fb455964b6ad0f05,1,,,2017-07-08 00:00:00.0000000,2017-07-08 15:56:35.0000000
c01eaa86159b994afb4c5eb920993ebc,16e38caa92e342c7780f68832f832d4d,5,,,2018-05-25 00:00:00.0000000,2018-05-25 03:45:28.0000000
4dd68a0dee5ede8a445f797c46bca436,ac706ac9421036e88d5b2c96b058aba6,1,,o acabento que estava na foto era bonito a que chegou foi de um sintetico feio com um acabento todo borrado orrivel nao gostei,2017-07-05 00:00:00.0000000,2017-07-11 10:20:06.0000000
4f535d7213ad272d4f5f1f849de3f441,a085154af3d68d11b256a6facc891a56,5,,,2017-12-05 00:00:00.0000000,2017-12-06 04:16:54.0000000
d860fd3252122f7453a5810977446a0b,a80d60911463339180881ccd9364d98f,4,,,2018-02-24 00:00:00.0000000,2018-02-25 20:02:46.0000000
d3026389eec4fc7f7bf2b2dc457ea02c,51c7edabb9739b6998ee68efb7e10d31,3,,,2018-03-06 00:00:00.0000000,2018-03-06 21:00:02.0000000
f55ac350831de6694d569e9c0176dacd,92cd4be4e992be4ab03304531ce6c5f9,1,,E muito desordenado comprei três produtos mais não veio no dia sertões veio separado e em data separada ,2018-01-31 00:00:00.0000000,2018-02-01 02:12:01.0000000
2b4a570df87cd63b232272dd9dcac0cf,da532e87f26c130e0b3184bdd837982b,5,,A,2017-09-26 00:00:00.0000000,2017-09-27 08:54:34.0000000
3fb929ba2924ff0a47858efb007ceee1,df8e5e994bcc820fcf403f9a875201e6,5,otimo,entrega rapida,2018-08-07 00:00:00.0000000,2018-08-08 12:05:26.0000000
4ab6671319156f978e972e2ac2c48ad8,897fab0704eda65c69520010b02a3fee,4,,,2018-05-19 00:00:00.0000000,2018-05-21 12:29:51.0000000
d0c2b9d96c387604a96ae43e7126cf9b,e7bf6c078fcd0eac3b977d498537e2b3,4,,foi bom,2017-05-16 00:00:00.0000000,2017-06-09 20:20:55.0000000
58b27f28e98acdaec89d736d8ed79dd5,e0ffd1287f544946a6a6a2dca083e37f,5,,Mercadoria certa entregue no prazo combinado. Grata,2018-02-24 00:00:00.0000000,2018-02-24 14:58:29.0000000
d57d9f0b3b394efb178c9a259b2c9149,d6c231f3aa416426639f25b5fe09e051,3,,,2017-12-30 00:00:00.0000000,2018-01-01 22:56:47.0000000
96ee030286f50f61c6d199bdfaa5573d,7920529b8621a433718e66c72a763bdc,1,,, muito ruim ! ,2017-11-29 00:00:00.0000000,2017-11-29 21:28:39.0000000
c29578721fec42d32a8df09c414aa4fd,04eef545c54d444825c506ba170a26bd,1,,,2017-05-17 00:00:00.0000000,2017-05-21 12:41:38.0000000
6280ca6a9e8c3a56b668ec8c5396caaf,534a0fbe91a806a1dc6bf09b497e3d6f,1,,Passou dos dias previstos.,2018-02-09 00:00:00.0000000,2018-02-14 04:13:49.0000000
2dd29dcf6f552bb7b7f3354586a31f57,e419e5015f43887f330150fd21ff60f6,5,,,2018-04-24 00:00:00.0000000,2018-04-25 00:24:38.0000000
f27aae43b88771cb9ebc8a6f0ab2f25b,ec6f5d9c57b5c2e41ba3ac018391ed7e,5,,,2017-12-28 00:00:00.0000000,2017-12-30 23:43:57.0000000
b2be7263730fe13fdea91e59192fcdde,08288e829c6b9a810a4392bbc30545dc,4,,,2017-12-09 00:00:00.0000000,2017-12-12 20:32:57.0000000
6df7cacfa6e7a215c43b54c952affd0f,3431f838d49b42723b060fa367b3d294,5,,,2017-12-16 00:00:00.0000000,2017-12-17 01:51:11.0000000
bad7323911748aeb242309d5d75d4c3e,9dd72a3853b3514932140ba93b5192c9,4,,,2018-07-03 00:00:00.0000000,2018-07-04 16:17:12.0000000
968989a3b5192c9b9436fe7546acaca4,6d7195bd775441e75af3f52c8c73031f,3,,Ao fazer a compra do kit entendi que receberia 2 frascos de 60 cápsulas (cada) e não 2 frascos com 60 cápsulas no total. Só não vou devolver porque estou precisando do produto.,2018-03-30 00:00:00.0000000,2018-03-31 12:10:17.0000000
e04acb9c4569e3bae85744ef644a780d,a2b80bbb76333d5b553483db7cc4fafd,4,,,2017-07-27 00:00:00.0000000,2017-07-29 15:47:01.0000000
dc92cf357f5eb4d61b6a95fed53d17e1,c277dea251cfd74bf121060769a7135a,5,,Entrega bem antes do prazo perfeito!!,2018-08-14 00:00:00.0000000,2018-08-15 17:18:14.0000000
382d855ffdd4f5e66594dbfb1566e96f,f506fd1443d94ad16f25a94426fb8805,5,10,