product_category_name_english,product_category_name
health_beauty,beleza_saude
computers_accessories,informatica_acessorios
auto,automotivo
bed_bath_table,cama_mesa_banho
furniture_decor,moveis_decoracao
sports_leisure,esporte_lazer
perfumery,perfumaria
housewares,utilidades_domesticas
telephony,telefonia
watches_gifts,relogios_presentes
food_drink,alimentos_bebidas
baby,bebes
stationery,papelaria
tablets_printing_image,tablets_impressao_imagem
toys,brinquedos
fixed_telephony,telefonia_fixa
garden_tools,ferramentas_jardim
fashion_bags_accessories,fashion_bolsas_e_acessorios
small_appliances,eletroportateis
consoles_games,consoles_games
audio,audio
fashion_shoes,fashion_calcados
cool_stuff,cool_stuff
luggage_accessories,malas_acessorios
air_conditioning,climatizacao
construction_tools_construction,construcao_ferramentas_construcao
kitchen_dining_laundry_garden_furniture,moveis_cozinha_area_de_servico_jantar_e_jardim
costruction_tools_garden,construcao_ferramentas_jardim
fashion_male_clothing,fashion_roupa_masculina
pet_shop,pet_shop
office_furniture,moveis_escritorio
market_place,market_place
electronics,eletronicos
home_appliances,eletrodomesticos
party_supplies,artigos_de_festas
home_confort,casa_conforto
costruction_tools_tools,construcao_ferramentas_ferramentas
agro_industry_and_commerce,agro_industria_e_comercio
furniture_mattress_and_upholstery,moveis_colchao_e_estofado
books_technical,livros_tecnicos
home_construction,casa_construcao
musical_instruments,instrumentos_musicais
furniture_living_room,moveis_sala
construction_tools_lights,construcao_ferramentas_iluminacao
industry_commerce_and_business,industria_comercio_e_negocios
food,alimentos
art,artes
furniture_bedroom,moveis_quarto
books_general_interest,livros_interesse_geral
construction_tools_safety,construcao_ferramentas_seguranca
fashion_underwear_beach,fashion_underwear_e_moda_praia
fashion_sport,fashion_esporte
signaling_and_security,sinalizacao_e_seguranca
computers,pcs
christmas_supplies,artigos_de_natal
fashio_female_clothing,fashion_roupa_feminina
home_appliances_2,eletrodomesticos_2
books_imported,livros_importados
drinks,bebidas
cine_photo,cine_foto
la_cuisine,la_cuisine
music,musica
home_comfort_2,casa_conforto_2
small_appliances_home_oven_and_coffee,portateis_casa_forno_e_cafe
cds_dvds_musicals,cds_dvds_musicais
dvds_blu_ray,dvds_blu_ray
flowers,flores
arts_and_craftmanship,artes_e_artesanato
diapers_and_hygiene,fraldas_higiene
fashion_childrens_clothes,fashion_roupa_infanto_juvenil
security_and_services,seguros_e_servicos
